{
  "client.dll": {
    "dwCSGOInput": 27420688,
    "dwEntityList": 26979416,
    "dwGameEntitySystem": 28134264,
    "dwGameEntitySystem_highestEntityIndex": 5408,
    "dwGameRules": 27362936,
    "dwGlobalVars": 25255776,
    "dwGlowManager": 27360608,
    "dwLocalPlayerController": 27305464,
    "dwLocalPlayerPawn": 25305288,
    "dwPlantedC4": 27397816,
    "dwPrediction": 25304928,
    "dwSensitivity": 27366296,
    "dwSensitivity_sensitivity": 64,
    "dwViewAngles": 27421664,
    "dwViewMatrix": 27381104,
    "dwViewRender": 27383120,
    "dwWeaponC4": 26992000
  },
  "engine2.dll": {
    "dwBuildNumber": 5426132,
    "dwNetworkGameClient": 5422304,
    "dwNetworkGameClient_clientTickCount": 872,
    "dwNetworkGameClient_deltaTick": 636,
    "dwNetworkGameClient_isBackgroundMap": 2626631,
    "dwNetworkGameClient_localPlayer": 240,
    "dwNetworkGameClient_maxClients": 568,
    "dwNetworkGameClient_serverTickCount": 876,
    "dwNetworkGameClient_signOnState": 552,
    "dwWindowHeight": 6352356,
    "dwWindowWidth": 6352352
  },
  "inputsystem.dll": {
    "dwInputSystem": 227296
  },
  "matchmaking.dll": {
    "dwGameTypes": 1716656,
    "dwGameTypes_mapName": 288
  },
  "soundsystem.dll": {
    "dwSoundSystem": 3778016,
    "dwSoundSystem_engineViewData": 124
  }
}